-- phpMyAdmin SQL Dump
-- version 4.2.11
-- http://www.phpmyadmin.net
--
-- Host: 127.0.0.1
-- Generation Time: Mar 31, 2016 at 07:28 AM
-- Server version: 5.6.21
-- PHP Version: 5.6.3

SET SQL_MODE = "NO_AUTO_VALUE_ON_ZERO";
SET time_zone = "+00:00";


/*!40101 SET @OLD_CHARACTER_SET_CLIENT=@@CHARACTER_SET_CLIENT */;
/*!40101 SET @OLD_CHARACTER_SET_RESULTS=@@CHARACTER_SET_RESULTS */;
/*!40101 SET @OLD_COLLATION_CONNECTION=@@COLLATION_CONNECTION */;
/*!40101 SET NAMES utf8 */;

--
-- Database: `cakepanel_starter`
--

-- --------------------------------------------------------

--
-- Table structure for table `cms_accounts`
--

CREATE TABLE IF NOT EXISTS `cms_accounts` (
`id` int(10) unsigned NOT NULL,
  `user_id` int(10) unsigned NOT NULL,
  `role_id` tinyint(3) unsigned NOT NULL,
  `username` varchar(500) DEFAULT NULL,
  `email` varchar(500) NOT NULL,
  `password` varchar(500) NOT NULL,
  `last_login` datetime NOT NULL,
  `created` datetime NOT NULL,
  `created_by` int(10) unsigned NOT NULL DEFAULT '1',
  `modified` datetime NOT NULL,
  `modified_by` int(10) unsigned NOT NULL DEFAULT '1'
) ENGINE=MyISAM AUTO_INCREMENT=3 DEFAULT CHARSET=latin1;

--
-- Dumping data for table `cms_accounts`
--

INSERT INTO `cms_accounts` (`id`, `user_id`, `role_id`, `username`, `email`, `password`, `last_login`, `created`, `created_by`, `modified`, `modified_by`) VALUES
(1, 1, 1, 'admin', 'admin@yahoo.com', '169e781bd52860b584879cbe117085da596238f3', '2015-07-29 14:26:03', '2013-01-04 00:00:00', 1, '2013-01-04 00:00:00', 1),
(2, 2, 2, 'Andy Basuki', 'andybasuki88@gmail.com', 'd82dff1679e0137a0bab60cc67cc6a2ad36f10a0', '2015-07-17 10:54:47', '2015-07-17 10:54:24', 1, '2015-07-17 10:54:24', 1);

-- --------------------------------------------------------

--
-- Table structure for table `cms_entries`
--

CREATE TABLE IF NOT EXISTS `cms_entries` (
`id` int(10) unsigned NOT NULL,
  `entry_type` varchar(500) NOT NULL,
  `title` varchar(500) NOT NULL,
  `slug` varchar(500) NOT NULL,
  `description` text,
  `main_image` int(10) unsigned NOT NULL DEFAULT '0',
  `parent_id` int(10) unsigned NOT NULL DEFAULT '0',
  `status` tinyint(4) NOT NULL DEFAULT '1',
  `count` int(10) unsigned NOT NULL DEFAULT '0',
  `created` datetime NOT NULL,
  `created_by` int(10) unsigned NOT NULL DEFAULT '1',
  `modified` datetime NOT NULL,
  `modified_by` int(10) unsigned NOT NULL DEFAULT '1',
  `sort_order` int(10) unsigned NOT NULL DEFAULT '0',
  `lang_code` varchar(10) DEFAULT NULL
) ENGINE=MyISAM AUTO_INCREMENT=2 DEFAULT CHARSET=latin1;

--
-- Dumping data for table `cms_entries`
--

INSERT INTO `cms_entries` (`id`, `entry_type`, `title`, `slug`, `description`, `main_image`, `parent_id`, `status`, `count`, `created`, `created_by`, `modified`, `modified_by`, `sort_order`, `lang_code`) VALUES
(1, 'pages', 'Home', 'home', '', 0, 0, 1, 0, '2015-07-29 14:26:21', 1, '2015-07-29 14:26:21', 1, 1, 'en-1');

-- --------------------------------------------------------

--
-- Table structure for table `cms_entry_metas`
--

CREATE TABLE IF NOT EXISTS `cms_entry_metas` (
`id` int(10) unsigned NOT NULL,
  `entry_id` int(10) unsigned NOT NULL,
  `key` varchar(500) NOT NULL,
  `value` text NOT NULL
) ENGINE=MyISAM AUTO_INCREMENT=2 DEFAULT CHARSET=latin1;

--
-- Dumping data for table `cms_entry_metas`
--

INSERT INTO `cms_entry_metas` (`id`, `entry_id`, `key`, `value`) VALUES
(1, 1, 'backup-slug', '\nhome\n');

-- --------------------------------------------------------

--
-- Table structure for table `cms_roles`
--

CREATE TABLE IF NOT EXISTS `cms_roles` (
`id` tinyint(3) unsigned NOT NULL,
  `name` varchar(500) NOT NULL,
  `description` text,
  `count` int(10) unsigned DEFAULT NULL
) ENGINE=MyISAM AUTO_INCREMENT=4 DEFAULT CHARSET=latin1;

--
-- Dumping data for table `cms_roles`
--

INSERT INTO `cms_roles` (`id`, `name`, `description`, `count`) VALUES
(1, 'Super Admin', 'Administrator who has all access for the web without exceptions.', 1),
(2, 'Admin', 'Administrator from the clients.', NULL),
(3, 'Regular User', 'Anyone with no access to admin panel.', NULL);

-- --------------------------------------------------------

--
-- Table structure for table `cms_settings`
--

CREATE TABLE IF NOT EXISTS `cms_settings` (
`id` int(10) unsigned NOT NULL,
  `key` varchar(500) NOT NULL,
  `value` text NOT NULL
) ENGINE=MyISAM AUTO_INCREMENT=22 DEFAULT CHARSET=latin1;

--
-- Dumping data for table `cms_settings`
--

INSERT INTO `cms_settings` (`id`, `key`, `value`) VALUES
(1, 'title', 'Creazi Citra Cemerlang'),
(2, 'tagline', 'Creative , Business , Solution'),
(3, 'description', 'Our Company Description here.'),
(4, 'date_format', 'd M Y'),
(5, 'time_format', 'h:i A'),
(6, 'header', ''),
(7, 'top_insert', ''),
(8, 'bottom_insert', ''),
(9, 'google_analytics_code', ''),
(10, 'display_width', '3200'),
(11, 'display_height', '1800'),
(12, 'display_crop', '0'),
(13, 'thumb_width', '120'),
(14, 'thumb_height', '120'),
(15, 'thumb_crop', '0'),
(16, 'language', 'en_english'),
(17, 'homepage_share', '0'),
(18, 'usd_sell', '9732.00'),
(19, 'custom-pagination', '10'),
(20, 'custom-email_contact', 'andybasuki88@gmail.com'),
(21, 'custom-overwrite_image', 'enable');

-- --------------------------------------------------------

--
-- Table structure for table `cms_types`
--

CREATE TABLE IF NOT EXISTS `cms_types` (
`id` int(10) unsigned NOT NULL,
  `name` varchar(500) NOT NULL,
  `slug` varchar(500) NOT NULL,
  `description` text,
  `parent_id` int(10) unsigned NOT NULL DEFAULT '0',
  `count` int(10) unsigned NOT NULL DEFAULT '0',
  `created` datetime NOT NULL,
  `created_by` int(10) unsigned NOT NULL DEFAULT '1',
  `modified` datetime NOT NULL,
  `modified_by` int(10) unsigned NOT NULL DEFAULT '1'
) ENGINE=MyISAM AUTO_INCREMENT=4 DEFAULT CHARSET=latin1;

--
-- Dumping data for table `cms_types`
--

INSERT INTO `cms_types` (`id`, `name`, `slug`, `description`, `parent_id`, `count`, `created`, `created_by`, `modified`, `modified_by`) VALUES
(1, 'Media Library', 'media', 'All media image is stored here.', 0, 0, '2013-01-15 03:35:14', 1, '2013-01-15 03:35:14', 1),
(3, 'Slideshow', 'slideshow', 'Home slideshow with details.', 0, 0, '2014-09-03 10:35:08', 1, '2015-03-05 16:15:35', 1);

-- --------------------------------------------------------

--
-- Table structure for table `cms_type_metas`
--

CREATE TABLE IF NOT EXISTS `cms_type_metas` (
`id` int(10) unsigned NOT NULL,
  `type_id` int(10) unsigned NOT NULL,
  `key` varchar(500) NOT NULL,
  `value` text,
  `input_type` varchar(500) DEFAULT NULL,
  `validation` text,
  `instruction` varchar(300) DEFAULT NULL
) ENGINE=MyISAM AUTO_INCREMENT=4 DEFAULT CHARSET=latin1;

--
-- Dumping data for table `cms_type_metas`
--

INSERT INTO `cms_type_metas` (`id`, `type_id`, `key`, `value`, `input_type`, `validation`, `instruction`) VALUES
(2, 3, 'category', 'home', NULL, NULL, NULL),
(3, 3, 'form-url_link', '', 'text', 'is_url|', 'Example: http://www.yourdomain.com');

-- --------------------------------------------------------

--
-- Table structure for table `cms_users`
--

CREATE TABLE IF NOT EXISTS `cms_users` (
`id` int(10) unsigned NOT NULL,
  `firstname` varchar(500) NOT NULL,
  `lastname` varchar(500) DEFAULT NULL,
  `created` datetime NOT NULL,
  `created_by` int(10) unsigned NOT NULL DEFAULT '1',
  `modified` datetime NOT NULL,
  `modified_by` int(10) unsigned NOT NULL DEFAULT '1',
  `status` tinyint(4) NOT NULL DEFAULT '1'
) ENGINE=MyISAM AUTO_INCREMENT=3 DEFAULT CHARSET=latin1;

--
-- Dumping data for table `cms_users`
--

INSERT INTO `cms_users` (`id`, `firstname`, `lastname`, `created`, `created_by`, `modified`, `modified_by`, `status`) VALUES
(1, 'admin', 'zpanel', '2013-01-04 00:00:00', 1, '2014-02-06 10:50:29', 1, 1),
(2, 'Andy', 'Basuki', '2015-07-17 10:53:43', 1, '2015-07-17 10:53:43', 1, 1);

-- --------------------------------------------------------

--
-- Table structure for table `cms_user_metas`
--

CREATE TABLE IF NOT EXISTS `cms_user_metas` (
`id` int(10) unsigned NOT NULL,
  `user_id` int(10) unsigned NOT NULL,
  `key` varchar(500) NOT NULL,
  `value` text NOT NULL
) ENGINE=MyISAM AUTO_INCREMENT=24 DEFAULT CHARSET=latin1;

--
-- Dumping data for table `cms_user_metas`
--

INSERT INTO `cms_user_metas` (`id`, `user_id`, `key`, `value`) VALUES
(1, 1, 'gender', 'male'),
(2, 1, 'address', 'Jl. Dharmahusada Indah 43'),
(3, 1, 'zip_code', '60258'),
(4, 1, 'city', 'Surabaya, Indonesia'),
(5, 1, 'mobile_phone', '089 67367 1110'),
(6, 1, 'dob_day', '28'),
(7, 1, 'dob_month', '10'),
(8, 1, 'dob_year', '1988'),
(9, 1, 'job', 'Web Developer'),
(10, 1, 'company', 'PT. Creazi'),
(11, 1, 'company_address', 'Jl. Nginden Semolo 101'),
(12, 2, 'gender', 'male'),
(13, 2, 'address', 'Jl. Baruk Utara AA no 43 C'),
(14, 2, 'zip_code', '60123'),
(15, 2, 'city', 'Surabaya, Indonesia'),
(16, 2, 'phone', '031 31 22 34'),
(17, 2, 'mobile_phone', '089 67367 1110'),
(18, 2, 'dob_day', '28'),
(19, 2, 'dob_month', '10'),
(20, 2, 'dob_year', '1928'),
(21, 2, 'job', 'Website Administrator'),
(22, 2, 'company', 'PT. Creazi Citra Cemerlang'),
(23, 2, 'company_address', 'Jl. Nginden Semolo 101');

--
-- Indexes for dumped tables
--

--
-- Indexes for table `cms_accounts`
--
ALTER TABLE `cms_accounts`
 ADD PRIMARY KEY (`id`), ADD UNIQUE KEY `email` (`email`), ADD UNIQUE KEY `username` (`username`);

--
-- Indexes for table `cms_entries`
--
ALTER TABLE `cms_entries`
 ADD PRIMARY KEY (`id`), ADD UNIQUE KEY `slug` (`slug`);

--
-- Indexes for table `cms_entry_metas`
--
ALTER TABLE `cms_entry_metas`
 ADD PRIMARY KEY (`id`);

--
-- Indexes for table `cms_roles`
--
ALTER TABLE `cms_roles`
 ADD PRIMARY KEY (`id`);

--
-- Indexes for table `cms_settings`
--
ALTER TABLE `cms_settings`
 ADD PRIMARY KEY (`id`);

--
-- Indexes for table `cms_types`
--
ALTER TABLE `cms_types`
 ADD PRIMARY KEY (`id`), ADD UNIQUE KEY `slug` (`slug`);

--
-- Indexes for table `cms_type_metas`
--
ALTER TABLE `cms_type_metas`
 ADD PRIMARY KEY (`id`);

--
-- Indexes for table `cms_users`
--
ALTER TABLE `cms_users`
 ADD PRIMARY KEY (`id`);

--
-- Indexes for table `cms_user_metas`
--
ALTER TABLE `cms_user_metas`
 ADD PRIMARY KEY (`id`);

--
-- AUTO_INCREMENT for dumped tables
--

--
-- AUTO_INCREMENT for table `cms_accounts`
--
ALTER TABLE `cms_accounts`
MODIFY `id` int(10) unsigned NOT NULL AUTO_INCREMENT,AUTO_INCREMENT=3;
--
-- AUTO_INCREMENT for table `cms_entries`
--
ALTER TABLE `cms_entries`
MODIFY `id` int(10) unsigned NOT NULL AUTO_INCREMENT,AUTO_INCREMENT=2;
--
-- AUTO_INCREMENT for table `cms_entry_metas`
--
ALTER TABLE `cms_entry_metas`
MODIFY `id` int(10) unsigned NOT NULL AUTO_INCREMENT,AUTO_INCREMENT=2;
--
-- AUTO_INCREMENT for table `cms_roles`
--
ALTER TABLE `cms_roles`
MODIFY `id` tinyint(3) unsigned NOT NULL AUTO_INCREMENT,AUTO_INCREMENT=4;
--
-- AUTO_INCREMENT for table `cms_settings`
--
ALTER TABLE `cms_settings`
MODIFY `id` int(10) unsigned NOT NULL AUTO_INCREMENT,AUTO_INCREMENT=22;
--
-- AUTO_INCREMENT for table `cms_types`
--
ALTER TABLE `cms_types`
MODIFY `id` int(10) unsigned NOT NULL AUTO_INCREMENT,AUTO_INCREMENT=4;
--
-- AUTO_INCREMENT for table `cms_type_metas`
--
ALTER TABLE `cms_type_metas`
MODIFY `id` int(10) unsigned NOT NULL AUTO_INCREMENT,AUTO_INCREMENT=4;
--
-- AUTO_INCREMENT for table `cms_users`
--
ALTER TABLE `cms_users`
MODIFY `id` int(10) unsigned NOT NULL AUTO_INCREMENT,AUTO_INCREMENT=3;
--
-- AUTO_INCREMENT for table `cms_user_metas`
--
ALTER TABLE `cms_user_metas`
MODIFY `id` int(10) unsigned NOT NULL AUTO_INCREMENT,AUTO_INCREMENT=24;
/*!40101 SET CHARACTER_SET_CLIENT=@OLD_CHARACTER_SET_CLIENT */;
/*!40101 SET CHARACTER_SET_RESULTS=@OLD_CHARACTER_SET_RESULTS */;
/*!40101 SET COLLATION_CONNECTION=@OLD_COLLATION_CONNECTION */;
